<?xml version="1.0" encoding="UTF-8"?>
<project-private xmlns="http://www.netbeans.org/ns/project-private/1">
    <editor-bookmarks xmlns="http://www.netbeans.org/ns/editor-bookmarks/2" lastBookmarkId="0"/>
    <open-files xmlns="http://www.netbeans.org/ns/projectui-open-files/2">
        <group>
            <file>file:/C:/Users/adrif/OneDrive/Latina/Progra2/ProjectoFinalAdrianaFranco/src/ProyectoFinal/MainGUI.java</file>
            <file>file:/C:/Users/adrif/OneDrive/Latina/Progra2/ProjectoFinalAdrianaFranco/src/ProyectoFinal/ContentTXTGestionChoferes.java</file>
            <file>file:/C:/Users/adrif/OneDrive/Latina/Progra2/ProjectoFinalAdrianaFranco/src/ProyectoFinal/ContentTXTAdministradores.java</file>
            <file>file:/C:/Users/adrif/OneDrive/Latina/Progra2/ProjectoFinalAdrianaFranco/src/ProyectoFinal/ContentTXTGestionRutas.java</file>
            <file>file:/C:/Users/adrif/OneDrive/Latina/Progra2/ProjectoFinalAdrianaFranco/src/ProyectoFinal/Administradores.java</file>
            <file>file:/C:/Users/adrif/OneDrive/Latina/Progra2/ProjectoFinalAdrianaFranco/src/ProyectoFinal/ContentTXTGestionVentaTkts.java</file>
            <file>file:/C:/Users/adrif/OneDrive/Latina/Progra2/ProjectoFinalAdrianaFranco/src/GUI/JDGestionViajes.java</file>
            <file>file:/C:/Users/adrif/OneDrive/Latina/Progra2/ProjectoFinalAdrianaFranco/src/GUI/JDGestionFlotilla.java</file>
            <file>file:/C:/Users/adrif/OneDrive/Latina/Progra2/ProjectoFinalAdrianaFranco/src/GUI/JFLogin.java</file>
            <file>file:/C:/Users/adrif/OneDrive/Latina/Progra2/ProjectoFinalAdrianaFranco/src/GUI/JDAdministrador.java</file>
            <file>file:/C:/Users/adrif/OneDrive/Latina/Progra2/ProjectoFinalAdrianaFranco/src/GUI/JFRegister.java</file>
            <file>file:/C:/Users/adrif/OneDrive/Latina/Progra2/ProjectoFinalAdrianaFranco/src/ProyectoFinal/ContentTXTGestionViajes.java</file>
            <file>file:/C:/Users/adrif/OneDrive/Latina/Progra2/ProjectoFinalAdrianaFranco/src/GUI/JDGestionRutas.java</file>
            <file>file:/C:/Users/adrif/OneDrive/Latina/Progra2/ProjectoFinalAdrianaFranco/src/GUI/JDGestionVentaTkts.java</file>
            <file>file:/C:/Users/adrif/OneDrive/Latina/Progra2/ProjectoFinalAdrianaFranco/src/GUI/JFPrincipal.java</file>
        </group>
    </open-files>
</project-private>
